risk_cap,actual_risk,net_return,profit_yuan,bank_yuan
0.0,0.0,0.05,50000.0,1000000.0
0.01,0.010000000000000002,0.09484291157064711,94842.91157064712,693830.3218538993
0.02,0.020000000000000004,0.13968582314129427,139685.82314129427,387660.6437077985
0.03,0.03,0.1845287347119414,184528.7347119414,81490.9655616975
0.04,0.04,0.22583507685518858,225835.07685518858,8.003553375601768e-11
0.05,0.05000000000000001,0.2643330737334419,264333.0737334419,-1.2369127944111824e-10
0.06,0.06,0.2945026225480429,294502.62254804285,7.275957614183426e-11
0.07,0.07000000000000002,0.31244114701776865,312441.14701776864,7.275957614183426e-12
0.08,0.08,0.32289995993378606,322899.9599337861,1.1641532182693481e-10
0.09,0.09,0.3291935897460719,329193.5897460719,-9.458744898438454e-11
0.1,0.10000000000000002,0.33534121390819566,335341.21390819567,-5.820766091346741e-11
0.11,0.11,0.338787701413913,338787.701413913,0.0
0.12,0.12,0.3422341889196303,342234.1889196303,-5.820766091346741e-11
0.13,0.13,0.34491438226702564,344914.38226702565,-7.275957614183426e-12
0.14,0.14000000000000004,0.3472533134772897,347253.3134772897,-6.548361852765083e-11
0.15,0.15,0.34959224468755373,349592.2446875537,-1.4551915228366852e-11
0.16,0.16,0.3519311758978177,351931.1758978177,5.093170329928398e-11
0.17,0.17000000000000004,0.35424533527696794,354245.33527696796,8.731149137020111e-11
0.18,0.18,0.3557041159320871,355704.1159320871,-4.3655745685100555e-11
0.19,0.19,0.35716289658720635,357162.89658720634,5.820766091346741e-11
0.2,0.20000000000000004,0.3586216772423256,358621.67724232556,-8.003553375601768e-11
0.21,0.21,0.3600804578974447,360080.4578974447,-8.731149137020111e-11
0.22,0.22,0.3615392385525639,361539.23855256394,1.4551915228366852e-11
0.23,0.22999999999999998,0.36299801920768304,362998.01920768304,7.275957614183426e-12
0.24,0.24,0.36445679986280227,364456.79986280226,-1.4551915228366852e-11
0.25,0.25,0.3659155805179215,365915.5805179215,-1.382431946694851e-10
0.26,0.26,0.3673743611730407,367374.3611730407,8.003553375601768e-11
0.27,0.27,0.36883314182815985,368833.14182815986,-5.093170329928398e-11
0.28,0.2800000000000001,0.370291922483279,370291.922483279,-6.548361852765083e-11
0.29,0.29,0.37175070313839825,371750.70313839824,-7.275957614183426e-11
0.3,0.3,0.3732094837935174,373209.4837935174,1.382431946694851e-10
0.31,0.31000000000000005,0.3745827651515151,374582.76515151514,0.0
0.32,0.32,0.37594393939393944,375943.93939393945,0.0
0.33,0.33,0.37730511363636365,377305.11363636365,1.1641532182693481e-10
0.34,0.3400000000000001,0.3786662878787879,378666.2878787879,-7.275957614183426e-12
0.35000000000000003,0.35,0.38002746212121213,380027.46212121216,1.0186340659856796e-10
0.36,0.36,0.38138863636363635,381388.63636363635,-2.9103830456733704e-11
0.37,0.37000000000000005,0.38274981060606067,382749.81060606067,-1.4551915228366852e-10
0.38,0.38,0.3841109848484849,384110.98484848486,2.0372681319713593e-10
0.39,0.39,0.3854721590909091,385472.1590909091,7.275957614183426e-11
0.4,0.4000000000000001,0.38683333333333336,386833.3333333334,-5.093170329928398e-11
0.41000000000000003,0.41000000000000003,0.3881945075757576,388194.50757575757,6.548361852765083e-11
0.42,0.42,0.38955568181818184,389555.6818181818,-6.548361852765083e-11
0.43,0.42999999999999994,0.390916856060606,390916.856060606,5.820766091346741e-11
0.44,0.44,0.3922780303030303,392278.03030303033,4.3655745685100555e-11
0.45,0.45,0.3936392045454546,393639.2045454546,3.637978807091713e-11
0.46,0.4600000000000001,0.3950003787878788,395000.3787878788,-8.731149137020111e-11
0.47000000000000003,0.4700000000000001,0.396361553030303,396361.55303030304,2.1827872842550278e-11
0.48,0.48,0.39772272727272723,397722.72727272724,2.1827872842550278e-11
0.49,0.48999999999999994,0.3990839015151515,399083.9015151515,2.1827872842550278e-11
0.5,0.5,0.40044507575757576,400445.07575757575,7.275957614183426e-12
0.51,0.51,0.40180625,401806.25,0.0
0.52,0.52,0.4031674242424243,403167.4242424243,-1.2369127944111824e-10
0.53,0.53,0.4045285984848485,404528.5984848485,-7.275957614183426e-12
0.54,0.54,0.4058897727272728,405889.77272727276,-1.4551915228366852e-11
0.55,0.55,0.407250946969697,407250.946969697,-2.1827872842550278e-11
0.56,0.5600000000000002,0.4086121212121212,408612.1212121212,-2.9103830456733704e-11
0.5700000000000001,0.5660377358490565,0.4094339622641509,409433.9622641509,1.3096723705530167e-10
0.58,0.5660377358490565,0.4094339622641509,409433.9622641509,1.3096723705530167e-10
0.59,0.5660377358490565,0.4094339622641509,409433.9622641509,1.3096723705530167e-10
0.6,0.5660377358490565,0.4094339622641509,409433.9622641509,1.3096723705530167e-10
